file,exact,partial,missed,spurious,precision,recall,f1
ES2016a.ner.gold.txt,6,4,32,6,0.3846,0.125,0.1887
ES2016d.ner.gold.txt,9,3,83,29,0.15,0.0694,0.0949
ES2016b.ner.gold.txt,7,2,69,21,0.1579,0.057,0.0837
ES2016c.ner.gold.txt,5,4,65,24,0.1667,0.0556,0.0833
,6.75,3.25,62.25,20,0.2148,0.07675,0.11265
