WER Scores,,
File,with_punct,without_punct
EN2009c,89.12,86.16
EN2009d,89.94,87.55
ES2016a,88.73,86.38
ES2016b,82.87,78.33
ES2016c,77.02,71.61
ES2016d,86.95,83.21
,,
average:,85.77166667,82.20666667
,,
,,
avg,with punct,without punct
ES,87.665,84.605
EN,81.985,77.41
